10,7,8,12/30/2014 15:37
10,7,8,12/30/2014 15:35
10,7,8,12/30/2014 15:34
10,7,8,12/30/2014 15:33
10,7,8,12/30/2014 15:32
10,7,8,12/30/2014 15:31
10,6,9,12/30/2014 15:30
10,6,9,12/30/2014 15:29
10,6,9,12/30/2014 15:28
10,6,9,12/30/2014 15:27
10,6,9,12/30/2014 15:26
10,6,9,12/30/2014 15:25
10,6,9,12/30/2014 15:24
10,6,9,12/30/2014 15:23
10,6,9,12/30/2014 15:22
10,6,9,12/30/2014 15:21
10,6,9,12/30/2014 15:20
10,6,9,12/30/2014 15:19
10,6,9,12/30/2014 15:18
10,6,9,12/30/2014 15:17
10,6,9,12/30/2014 15:16
10,6,9,12/30/2014 15:15
10,6,9,12/30/2014 15:14
10,6,9,12/30/2014 15:13
10,6,9,12/30/2014 15:12
10,6,9,12/30/2014 15:11
10,6,9,12/30/2014 15:10
10,6,9,12/30/2014 15:09
10,6,9,12/30/2014 15:08
10,6,9,12/30/2014 15:07
10,6,9,12/30/2014 15:06
10,6,9,12/30/2014 15:05
10,6,9,12/30/2014 15:04
10,6,9,12/30/2014 15:03
10,6,9,12/30/2014 15:02
10,6,9,12/30/2014 15:01
10,7,8,12/30/2014 15:00
10,7,8,12/30/2014 14:59
10,7,8,12/30/2014 14:58
10,7,8,12/30/2014 14:57
10,7,8,12/30/2014 14:56
10,6,9,12/30/2014 14:55
10,6,9,12/30/2014 14:54
10,6,9,12/30/2014 14:53
10,6,9,12/30/2014 14:52
10,6,9,12/30/2014 14:51
10,7,8,12/30/2014 14:50
10,7,8,12/30/2014 14:49
10,7,8,12/30/2014 14:48
10,7,8,12/30/2014 14:47
10,7,8,12/30/2014 14:46
10,6,9,12/30/2014 14:45
10,6,9,12/30/2014 14:44
10,6,9,12/30/2014 14:43
10,6,9,12/30/2014 14:42
10,6,9,12/30/2014 14:41
10,6,9,12/30/2014 14:40
10,6,9,12/30/2014 14:39
10,6,9,12/30/2014 14:38
10,6,9,12/30/2014 14:37
10,6,9,12/30/2014 14:36
10,7,8,12/30/2014 14:35
10,7,8,12/30/2014 14:34
10,7,8,12/30/2014 14:33
10,7,8,12/30/2014 14:32
10,7,8,12/30/2014 14:31
10,6,9,12/30/2014 14:30
10,6,9,12/30/2014 14:29
10,6,9,12/30/2014 14:28
10,6,9,12/30/2014 14:27
10,6,9,12/30/2014 14:26
10,6,9,12/30/2014 14:25
10,6,9,12/30/2014 14:24
10,6,9,12/30/2014 14:23
10,6,9,12/30/2014 14:22
10,6,9,12/30/2014 14:21
10,6,9,12/30/2014 14:20
10,6,9,12/30/2014 14:19
10,6,9,12/30/2014 14:18
10,6,9,12/30/2014 14:17
10,6,9,12/30/2014 14:16
10,7,8,12/30/2014 14:15
10,7,8,12/30/2014 14:14
10,7,8,12/30/2014 14:13
10,7,8,12/30/2014 14:12
10,7,8,12/30/2014 14:11
10,7,8,12/30/2014 14:10
10,7,8,12/30/2014 14:09
10,7,8,12/30/2014 14:08
10,7,8,12/30/2014 14:07
10,7,8,12/30/2014 14:06
10,6,9,12/30/2014 14:05
10,6,9,12/30/2014 14:04
10,6,9,12/30/2014 14:03
10,6,9,12/30/2014 14:02
10,6,9,12/30/2014 14:01
10,7,8,12/30/2014 14:00
10,7,8,12/30/2014 13:59
10,7,8,12/30/2014 13:58
10,7,8,12/30/2014 13:57
10,7,8,12/30/2014 13:56
10,6,9,12/30/2014 13:55
10,6,9,12/30/2014 13:54
10,6,9,12/30/2014 13:53
10,6,9,12/30/2014 13:52
10,6,9,12/30/2014 13:51
10,7,8,12/30/2014 13:50
10,7,8,12/30/2014 13:49
10,7,8,12/30/2014 13:48
10,7,8,12/30/2014 13:47
10,7,8,12/30/2014 13:46
10,6,9,12/30/2014 13:45
10,6,9,12/30/2014 13:44
10,6,9,12/30/2014 13:43
10,6,9,12/30/2014 13:42
10,6,9,12/30/2014 13:41
10,6,9,12/30/2014 13:40
10,6,9,12/30/2014 13:39
10,6,9,12/30/2014 13:38
10,6,9,12/30/2014 13:37
10,6,9,12/30/2014 13:36
10,6,9,12/30/2014 13:35
10,6,9,12/30/2014 13:34
10,6,9,12/30/2014 13:33
10,6,9,12/30/2014 13:32
10,6,9,12/30/2014 13:31
10,7,8,12/30/2014 13:30
10,7,8,12/30/2014 13:29
10,7,8,12/30/2014 13:28
10,7,8,12/30/2014 13:27
10,7,8,12/30/2014 13:26
10,6,9,12/30/2014 13:25
10,6,9,12/30/2014 13:24
10,6,9,12/30/2014 13:23
10,6,9,12/30/2014 13:22
10,6,9,12/30/2014 13:21
10,6,9,12/30/2014 13:20
10,6,9,12/30/2014 13:19
10,6,9,12/30/2014 13:18
10,6,9,12/30/2014 13:17
10,6,9,12/30/2014 13:16
10,7,8,12/30/2014 13:15
10,7,8,12/30/2014 13:14
10,7,8,12/30/2014 13:13
10,7,8,12/30/2014 13:12
10,7,8,12/30/2014 13:11
10,7,8,12/30/2014 13:10
10,7,8,12/30/2014 13:09
10,7,8,12/30/2014 13:08
10,7,8,12/30/2014 13:07
10,7,8,12/30/2014 13:06
10,7,8,12/30/2014 13:05
10,7,8,12/30/2014 13:04
10,7,8,12/30/2014 13:03
10,7,8,12/30/2014 13:02
10,7,8,12/30/2014 13:01
10,6,9,12/30/2014 13:00
10,6,9,12/30/2014 12:59
10,6,9,12/30/2014 12:58
10,6,9,12/30/2014 12:57
10,6,9,12/30/2014 12:56
10,6,9,12/30/2014 12:55
10,6,9,12/30/2014 12:54
10,6,9,12/30/2014 12:53
10,6,9,12/30/2014 12:52
10,6,9,12/30/2014 12:51
10,6,9,12/30/2014 12:50
10,6,9,12/30/2014 12:49
10,6,9,12/30/2014 12:48
10,6,9,12/30/2014 12:47
10,6,9,12/30/2014 12:46
10,7,8,12/30/2014 12:45
10,7,8,12/30/2014 12:44
10,7,8,12/30/2014 12:43
10,7,8,12/30/2014 12:42
10,7,8,12/30/2014 12:41
10,6,9,12/30/2014 12:40
10,6,9,12/30/2014 12:39
10,6,9,12/30/2014 12:38
10,6,9,12/30/2014 12:37
10,6,9,12/30/2014 12:36
10,6,9,12/30/2014 12:35
10,6,9,12/30/2014 12:34
10,6,9,12/30/2014 12:33
10,6,9,12/30/2014 12:32
10,6,9,12/30/2014 12:31
10,7,8,12/30/2014 12:30
10,7,8,12/30/2014 12:29
10,7,8,12/30/2014 12:28
10,7,8,12/30/2014 12:27
10,7,8,12/30/2014 12:26
10,6,9,12/30/2014 12:25
10,6,9,12/30/2014 12:24
10,6,9,12/30/2014 12:23
10,6,9,12/30/2014 12:22
10,6,9,12/30/2014 12:21
10,6,9,12/30/2014 12:20
10,6,9,12/30/2014 12:19
10,6,9,12/30/2014 12:18
10,6,9,12/30/2014 12:17
10,6,9,12/30/2014 12:16
10,7,8,12/30/2014 12:15
10,7,8,12/30/2014 12:14
10,7,8,12/30/2014 12:13
10,7,8,12/30/2014 12:12
10,7,8,12/30/2014 12:11
10,7,8,12/30/2014 12:10
10,7,8,12/30/2014 12:09
10,7,8,12/30/2014 12:08
10,7,8,12/30/2014 12:07
10,7,8,12/30/2014 12:06
10,7,8,12/30/2014 12:05
10,7,8,12/30/2014 12:04
10,7,8,12/30/2014 12:03
10,7,8,12/30/2014 12:02
10,7,8,12/30/2014 12:01
10,6,9,12/30/2014 12:00
10,6,9,12/30/2014 11:59
10,6,9,12/30/2014 11:58
10,6,9,12/30/2014 11:57
10,6,9,12/30/2014 11:56
10,7,8,12/30/2014 11:55
10,7,8,12/30/2014 11:54
10,7,8,12/30/2014 11:53
10,7,8,12/30/2014 11:52
10,7,8,12/30/2014 11:51
10,6,9,12/30/2014 11:50
10,6,9,12/30/2014 11:49
10,6,9,12/30/2014 11:48
10,6,9,12/30/2014 11:47
10,6,9,12/30/2014 11:46
10,6,9,12/30/2014 11:45
10,6,9,12/30/2014 11:44
10,6,9,12/30/2014 11:43
